transfer_id,settled_at,amount,currency,receipt_id,agent_kya_tier,agent_chain_proof,agent_custody_provider,from_address,to_address,tx_hash,ledger,stellar_expert_url
0bf0946e-22b2-461a-bacf-772619fdbdbe,,0.01,USDC,,,,,GBJWOSLOYOZ2TGWLBMDXTJOAC3UP5A4P7AJM4VLWWS5VRTNMJ3JVSUYJ,GAUJGJMPNM5FL5FA2DTRZSYUXCK4VXLYOZL2RYZH24EFDHKRABIPVBA4,,,
7a4a4f59-b42e-45f3-971a-9aeb37e605aa,,0.01,USDC,,,,,GBJWOSLOYOZ2TGWLBMDXTJOAC3UP5A4P7AJM4VLWWS5VRTNMJ3JVSUYJ,GAUJGJMPNM5FL5FA2DTRZSYUXCK4VXLYOZL2RYZH24EFDHKRABIPVBA4,ca03d4d182249e3ad4454d2e3b0568dc3f48a17428503aef9486aad77a2a77a6,3019641,https://stellar.expert/explorer/testnet/tx/ca03d4d182249e3ad4454d2e3b0568dc3f48a17428503aef9486aad77a2a77a6
8914ef23-abff-4f55-81d3-b1bb7b30463f,,0.01,USDC,,,,,GBJWOSLOYOZ2TGWLBMDXTJOAC3UP5A4P7AJM4VLWWS5VRTNMJ3JVSUYJ,GAUJGJMPNM5FL5FA2DTRZSYUXCK4VXLYOZL2RYZH24EFDHKRABIPVBA4,96ee60dd9cbe8d9ea085e42e3cb7cd0063d5ff312d212f3cca42b6ad079021f5,3019651,https://stellar.expert/explorer/testnet/tx/96ee60dd9cbe8d9ea085e42e3cb7cd0063d5ff312d212f3cca42b6ad079021f5
7aa8b1d7-db27-44d0-b13a-ee6caf141170,,0.01,USDC,,,,,GBJWOSLOYOZ2TGWLBMDXTJOAC3UP5A4P7AJM4VLWWS5VRTNMJ3JVSUYJ,GAUJGJMPNM5FL5FA2DTRZSYUXCK4VXLYOZL2RYZH24EFDHKRABIPVBA4,b2cc70a0eab5659f987d6c1746d080f09069464c99f35dedaa281c2ae08c5279,3019756,https://stellar.expert/explorer/testnet/tx/b2cc70a0eab5659f987d6c1746d080f09069464c99f35dedaa281c2ae08c5279
653d703c-e384-4e16-8c01-17296dd5cf32,,0.01,USDC,,,,,GBJWOSLOYOZ2TGWLBMDXTJOAC3UP5A4P7AJM4VLWWS5VRTNMJ3JVSUYJ,GAUJGJMPNM5FL5FA2DTRZSYUXCK4VXLYOZL2RYZH24EFDHKRABIPVBA4,71308da8441a002cae86c167e42b96f795631a5aff1707aa31fbe69a8484ab2f,3019850,https://stellar.expert/explorer/testnet/tx/71308da8441a002cae86c167e42b96f795631a5aff1707aa31fbe69a8484ab2f
3a30420c-c901-4f52-9279-2cc177f85d54,2026-06-10T17:24:05.584Z,0.01,USDC,rcpt_437103ad-5760-46aa-a502-952ddb8f59e8,,,,GBJWOSLOYOZ2TGWLBMDXTJOAC3UP5A4P7AJM4VLWWS5VRTNMJ3JVSUYJ,GAUJGJMPNM5FL5FA2DTRZSYUXCK4VXLYOZL2RYZH24EFDHKRABIPVBA4,9ac8799e1692fb6d007919c372ca1b77db9cb19e10259379ab73b8d54074fa20,3020008,https://stellar.expert/explorer/testnet/tx/9ac8799e1692fb6d007919c372ca1b77db9cb19e10259379ab73b8d54074fa20
85a16a41-6238-4de0-a447-5d134af5be72,2026-06-10T17:39:47.594Z,0.01,USDC,rcpt_1b2a1fc3-fe4d-4e42-8b54-5773bf053ded,2,,,GBJWOSLOYOZ2TGWLBMDXTJOAC3UP5A4P7AJM4VLWWS5VRTNMJ3JVSUYJ,GAUJGJMPNM5FL5FA2DTRZSYUXCK4VXLYOZL2RYZH24EFDHKRABIPVBA4,3ee8da18ba63e591092ec1f30895a2d33cc2e55e3bed1d82bcd36c7d7b4ab3a7,3020196,https://stellar.expert/explorer/testnet/tx/3ee8da18ba63e591092ec1f30895a2d33cc2e55e3bed1d82bcd36c7d7b4ab3a7
87f29afa-b928-4a45-9f8b-4c847d389ff0,2026-06-10T18:23:35.945Z,0.01,USDC,rcpt_271b2622-ddd7-4bb1-8cf6-84f2e88ccf41,2,,,GBJWOSLOYOZ2TGWLBMDXTJOAC3UP5A4P7AJM4VLWWS5VRTNMJ3JVSUYJ,GAUJGJMPNM5FL5FA2DTRZSYUXCK4VXLYOZL2RYZH24EFDHKRABIPVBA4,456aafb94ba2aba2df68da50ce5a1efbd571c6b1f91079db3eecd6e58b491806,3020721,https://stellar.expert/explorer/testnet/tx/456aafb94ba2aba2df68da50ce5a1efbd571c6b1f91079db3eecd6e58b491806
88865c1e-5bd0-4518-a99b-eead4096dfe2,2026-06-11T00:14:51.067Z,0.01,USDC,rcpt_1efae2b7-ca29-42f0-b0ce-83fd585e390b,2,,,GBJWOSLOYOZ2TGWLBMDXTJOAC3UP5A4P7AJM4VLWWS5VRTNMJ3JVSUYJ,GAUJGJMPNM5FL5FA2DTRZSYUXCK4VXLYOZL2RYZH24EFDHKRABIPVBA4,d689ee901469fcfd9629cb08bb844c409e743f3938c3d0b6291e0a06aaba710b,3024930,https://stellar.expert/explorer/testnet/tx/d689ee901469fcfd9629cb08bb844c409e743f3938c3d0b6291e0a06aaba710b
85d6b72b-8cdd-4442-88f4-b6f66bbb28d7,2026-06-11T00:15:46.543Z,0.01,USDC,rcpt_4c14993e-ef17-44fe-ab48-21ea16ee829f,2,,,GBJWOSLOYOZ2TGWLBMDXTJOAC3UP5A4P7AJM4VLWWS5VRTNMJ3JVSUYJ,GAUJGJMPNM5FL5FA2DTRZSYUXCK4VXLYOZL2RYZH24EFDHKRABIPVBA4,070399d15f3cce6b98be69572f39824af8703efa159a7fea6d0da210065d2da0,3024941,https://stellar.expert/explorer/testnet/tx/070399d15f3cce6b98be69572f39824af8703efa159a7fea6d0da210065d2da0
8bcfce3f-a422-4285-a7e3-7499aabcc004,2026-06-11T00:16:07.077Z,0.01,USDC,rcpt_dea0b2cc-5beb-40df-a4af-f759745d2738,2,,,GBJWOSLOYOZ2TGWLBMDXTJOAC3UP5A4P7AJM4VLWWS5VRTNMJ3JVSUYJ,GAUJGJMPNM5FL5FA2DTRZSYUXCK4VXLYOZL2RYZH24EFDHKRABIPVBA4,fd1f77e0d610d1c1fbbc697dae0a9708a7dc90b1856a2c7110751a18a7fba4e1,3024945,https://stellar.expert/explorer/testnet/tx/fd1f77e0d610d1c1fbbc697dae0a9708a7dc90b1856a2c7110751a18a7fba4e1
036cbbd3-035f-4ffc-9b9f-41188a223835,2026-06-11T00:31:48.930Z,0.01,USDC,rcpt_c8e09d1e-6e04-4262-b551-ae438058ffdc,2,asserted,,GBJWOSLOYOZ2TGWLBMDXTJOAC3UP5A4P7AJM4VLWWS5VRTNMJ3JVSUYJ,GAUJGJMPNM5FL5FA2DTRZSYUXCK4VXLYOZL2RYZH24EFDHKRABIPVBA4,cfc19d4cd4c89cd71ce934a361180b473cefbf6b3021c6bb77294dcecc6d7d04,3025133,https://stellar.expert/explorer/testnet/tx/cfc19d4cd4c89cd71ce934a361180b473cefbf6b3021c6bb77294dcecc6d7d04
69ecdae1-7b14-4f27-8554-90f99ca7767c,2026-06-11T00:34:33.416Z,0.01,USDC,rcpt_95ca309c-b7be-43c4-9c33-169e18dca382,2,sep10,,GBJWOSLOYOZ2TGWLBMDXTJOAC3UP5A4P7AJM4VLWWS5VRTNMJ3JVSUYJ,GAUJGJMPNM5FL5FA2DTRZSYUXCK4VXLYOZL2RYZH24EFDHKRABIPVBA4,3c946747c0885040f9001cf2f62feaefd68314a69f19de44b96bb429113d9dd5,3025166,https://stellar.expert/explorer/testnet/tx/3c946747c0885040f9001cf2f62feaefd68314a69f19de44b96bb429113d9dd5
34770f8e-0f4c-4444-bc07-287d2837054e,2026-06-11T00:58:15.248Z,0.01,USDC,rcpt_c477197e-a4af-44ad-8b08-63a8053a67f0,2,sep10,env_key,GBJWOSLOYOZ2TGWLBMDXTJOAC3UP5A4P7AJM4VLWWS5VRTNMJ3JVSUYJ,GAUJGJMPNM5FL5FA2DTRZSYUXCK4VXLYOZL2RYZH24EFDHKRABIPVBA4,378e8aa99eb136c50e9ee5d7ebaca3d4f931c2b701d241fc6419f7470a4ccc12,3025450,https://stellar.expert/explorer/testnet/tx/378e8aa99eb136c50e9ee5d7ebaca3d4f931c2b701d241fc6419f7470a4ccc12
d0876a07-3173-4c3d-9eac-f0c5b495495e,2026-06-30T17:27:43.455Z,0.01,USDC,rcpt_f1354dbc-8198-42d1-8449-0963b37d0214,2,sep10,env_key,GBJWOSLOYOZ2TGWLBMDXTJOAC3UP5A4P7AJM4VLWWS5VRTNMJ3JVSUYJ,GAUJGJMPNM5FL5FA2DTRZSYUXCK4VXLYOZL2RYZH24EFDHKRABIPVBA4,ceaec9e6d061339f955ad12585b42fbcf56b689f23eaa3a08cd481260dfadc01,3365167,https://stellar.expert/explorer/testnet/tx/ceaec9e6d061339f955ad12585b42fbcf56b689f23eaa3a08cd481260dfadc01
8637135b-2ac8-4c6b-8ce0-4104eea92194,2026-06-30T17:27:53.416Z,0.01,USDC,rcpt_03b54722-0585-43af-b69c-b7ef12e9296e,2,sep10,env_key,GBJWOSLOYOZ2TGWLBMDXTJOAC3UP5A4P7AJM4VLWWS5VRTNMJ3JVSUYJ,GAUJGJMPNM5FL5FA2DTRZSYUXCK4VXLYOZL2RYZH24EFDHKRABIPVBA4,c14347f42a77afaf213c89fda10cbfbcd55b5ea2d127a3d82af7b94747795c58,3365169,https://stellar.expert/explorer/testnet/tx/c14347f42a77afaf213c89fda10cbfbcd55b5ea2d127a3d82af7b94747795c58
3e3b0fd2-99af-438a-be1f-f7c3995d0976,2026-06-30T17:27:59.177Z,0.01,USDC,rcpt_09a30584-fc27-4c1b-9cf1-a77abdf69c21,2,sep10,env_key,GBJWOSLOYOZ2TGWLBMDXTJOAC3UP5A4P7AJM4VLWWS5VRTNMJ3JVSUYJ,GAUJGJMPNM5FL5FA2DTRZSYUXCK4VXLYOZL2RYZH24EFDHKRABIPVBA4,e260e0bc60b2da24849daea1bcedcbfabae1645368c79ee4d49d38cfddc78748,3365170,https://stellar.expert/explorer/testnet/tx/e260e0bc60b2da24849daea1bcedcbfabae1645368c79ee4d49d38cfddc78748
ad9d55b5-edcb-40ff-ba39-2dde918e624b,2026-06-30T17:28:08.446Z,0.01,USDC,rcpt_7cb1379c-f947-4203-9f3e-f0fc8ebfd41b,2,sep10,env_key,GBJWOSLOYOZ2TGWLBMDXTJOAC3UP5A4P7AJM4VLWWS5VRTNMJ3JVSUYJ,GAUJGJMPNM5FL5FA2DTRZSYUXCK4VXLYOZL2RYZH24EFDHKRABIPVBA4,0ac93e327964836f6d0dd5efe6089e938e542c0956d80e2380d664aa0b706c81,3365172,https://stellar.expert/explorer/testnet/tx/0ac93e327964836f6d0dd5efe6089e938e542c0956d80e2380d664aa0b706c81
4b752362-b755-49b1-97b4-545069ad1e2b,2026-06-30T17:28:18.288Z,0.01,USDC,rcpt_3060bb66-7fd7-48c1-8e43-f4553c8846e2,2,sep10,env_key,GBJWOSLOYOZ2TGWLBMDXTJOAC3UP5A4P7AJM4VLWWS5VRTNMJ3JVSUYJ,GAUJGJMPNM5FL5FA2DTRZSYUXCK4VXLYOZL2RYZH24EFDHKRABIPVBA4,358f3601f2394aaed97ff6dff3b22d7e596c374ddd0162cabf2c1c386c58abcd,3365174,https://stellar.expert/explorer/testnet/tx/358f3601f2394aaed97ff6dff3b22d7e596c374ddd0162cabf2c1c386c58abcd
1b097f35-7389-4892-b4d2-54fb7ffb9466,2026-06-30T17:28:28.317Z,0.01,USDC,rcpt_122288b7-5506-4232-996a-b1cfc31ab30b,2,sep10,env_key,GBJWOSLOYOZ2TGWLBMDXTJOAC3UP5A4P7AJM4VLWWS5VRTNMJ3JVSUYJ,GAUJGJMPNM5FL5FA2DTRZSYUXCK4VXLYOZL2RYZH24EFDHKRABIPVBA4,7d1e21e6bfede68588a20461f0d3d3f419b6e0dab3ee7093a53f7a8793e075bb,3365176,https://stellar.expert/explorer/testnet/tx/7d1e21e6bfede68588a20461f0d3d3f419b6e0dab3ee7093a53f7a8793e075bb
